Language Name,Occurrences,Most Frequent Language Combination,Most Frequent Topic,Primary Language Occurrences,Language Ranking Statistics,Bytes Written Statistics,Byte Distribution Statistics,Languages Used Statistics,Topics Used Statistics
Jupyter Notebook,94,Jupyter Notebook Python,machine-learning,47,"{'sum': 203, 'avg': 2.16, 'std': 2.81, 'var': 7.88}","{'sum': 729356440, 'avg': 7759111.06, 'std': 23322754.19, 'var': 543950862937791.7}","{'sum': 48.70575727923091, 'avg': 0.52, 'std': 0.39, 'var': 0.15}","{'sum': 597, 'avg': 6.35, 'std': 9.59, 'var': 91.93}","{'sum': 769, 'avg': 8.18, 'std': 4.77, 'var': 22.75}"
Python,665,Python Shell,machine-learning,235,"{'sum': 2085, 'avg': 3.14, 'std': 3.17, 'var': 10.05}","{'sum': 1062559020, 'avg': 1597833.11, 'std': 16504529.76, 'var': 272399502659955.0}","{'sum': 230.9432649690347, 'avg': 0.35, 'std': 0.4, 'var': 0.16}","{'sum': 4771, 'avg': 7.17, 'std': 5.99, 'var': 35.94}","{'sum': 4745, 'avg': 7.14, 'std': 4.35, 'var': 18.92}"
Java,324,Java Shell,android,164,"{'sum': 982, 'avg': 3.03, 'std': 3.73, 'var': 13.88}","{'sum': 509454112, 'avg': 1572389.23, 'std': 5370521.53, 'var': 28842501491114.62}","{'sum': 147.63809212144594, 'avg': 0.46, 'std': 0.4, 'var': 0.16}","{'sum': 2469, 'avg': 7.62, 'std': 7.23, 'var': 52.31}","{'sum': 2229, 'avg': 6.88, 'std': 4.34, 'var': 18.87}"
JavaScript,1141,HTML JavaScript,react,565,"{'sum': 2750, 'avg': 2.41, 'std': 3.2, 'var': 10.26}","{'sum': 808529518, 'avg': 708614.83, 'std': 3361263.52, 'var': 11298092434743.07}","{'sum': 519.8779648446613, 'avg': 0.46, 'std': 0.4, 'var': 0.16}","{'sum': 6266, 'avg': 5.49, 'std': 4.73, 'var': 22.39}","{'sum': 7704, 'avg': 6.75, 'std': 4.21, 'var': 17.71}"
CSS,831,CSS JavaScript,react,42,"{'sum': 3147, 'avg': 3.79, 'std': 3.68, 'var': 13.51}","{'sum': 91270943, 'avg': 109832.66, 'std': 797548.28, 'var': 636083251202.97}","{'sum': 80.35340335224774, 'avg': 0.1, 'std': 0.17, 'var': 0.03}","{'sum': 4888, 'avg': 5.88, 'std': 4.9, 'var': 24.03}","{'sum': 5757, 'avg': 6.93, 'std': 4.27, 'var': 18.25}"
Shell,1138,JavaScript Shell,docker,35,"{'sum': 4598, 'avg': 4.04, 'std': 2.26, 'var': 5.11}","{'sum': 50362685, 'avg': 44255.43, 'std': 484081.57, 'var': 234334961861.16}","{'sum': 47.370153861789305, 'avg': 0.04, 'std': 0.14, 'var': 0.02}","{'sum': 7179, 'avg': 6.31, 'std': 4.89, 'var': 23.87}","{'sum': 7973, 'avg': 7.01, 'std': 4.17, 'var': 17.36}"
HTML,996,HTML JavaScript,react,50,"{'sum': 3656, 'avg': 3.67, 'std': 2.59, 'var': 6.69}","{'sum': 185310660, 'avg': 186054.88, 'std': 960662.71, 'var': 922872847762.64}","{'sum': 86.67365674771854, 'avg': 0.09, 'std': 0.17, 'var': 0.03}","{'sum': 6034, 'avg': 6.06, 'std': 4.96, 'var': 24.59}","{'sum': 6960, 'avg': 6.99, 'std': 4.41, 'var': 19.45}"
TypeScript,334,JavaScript TypeScript,react,145,"{'sum': 822, 'avg': 2.46, 'std': 2.42, 'var': 5.83}","{'sum': 211552238, 'avg': 633389.93, 'std': 1866056.36, 'var': 3482166340198.09}","{'sum': 138.57722666195548, 'avg': 0.41, 'std': 0.39, 'var': 0.16}","{'sum': 1972, 'avg': 5.9, 'std': 6.19, 'var': 38.35}","{'sum': 2301, 'avg': 6.89, 'std': 4.15, 'var': 17.24}"
C,310,C Shell,linux,51,"{'sum': 1274, 'avg': 4.11, 'std': 3.19, 'var': 10.21}","{'sum': 679681588, 'avg': 2192521.25, 'std': 12993696.9, 'var': 168836159168244.8}","{'sum': 50.410091830629966, 'avg': 0.16, 'std': 0.27, 'var': 0.07}","{'sum': 3020, 'avg': 9.74, 'std': 7.3, 'var': 53.35}","{'sum': 2092, 'avg': 6.75, 'std': 3.96, 'var': 15.65}"
Dockerfile,491,Dockerfile Shell,docker,5,"{'sum': 2867, 'avg': 5.84, 'std': 4.06, 'var': 16.49}","{'sum': 2409170, 'avg': 4906.66, 'std': 17709.57, 'var': 313628990.69}","{'sum': 7.8906891748517385, 'avg': 0.02, 'std': 0.07, 'var': 0.01}","{'sum': 3553, 'avg': 7.24, 'std': 5.63, 'var': 31.69}","{'sum': 3664, 'avg': 7.46, 'std': 4.43, 'var': 19.65}"
C++,263,C C++,machine-learning,103,"{'sum': 797, 'avg': 3.03, 'std': 2.93, 'var': 8.6}","{'sum': 1327967917, 'avg': 5049307.67, 'std': 20752157.01, 'var': 430652020630566.7}","{'sum': 93.27503563574024, 'avg': 0.35, 'std': 0.36, 'var': 0.13}","{'sum': 2700, 'avg': 10.27, 'std': 7.73, 'var': 59.8}","{'sum': 1811, 'avg': 6.89, 'std': 3.91, 'var': 15.27}"
Makefile,496,Makefile Shell,golang,5,"{'sum': 2545, 'avg': 5.13, 'std': 3.33, 'var': 11.12}","{'sum': 16808265, 'avg': 33887.63, 'std': 200065.02, 'var': 40026011235.04}","{'sum': 10.226918683312253, 'avg': 0.02, 'std': 0.08, 'var': 0.01}","{'sum': 3811, 'avg': 7.68, 'std': 6.49, 'var': 42.1}","{'sum': 3283, 'avg': 6.62, 'std': 3.9, 'var': 15.19}"
Groovy,51,Groovy Shell,android,0,"{'sum': 300, 'avg': 5.88, 'std': 3.81, 'var': 14.51}","{'sum': 6276738, 'avg': 123073.29, 'std': 485168.23, 'var': 235388208195.17}","{'sum': 2.409249768999743, 'avg': 0.05, 'std': 0.1, 'var': 0.01}","{'sum': 475, 'avg': 9.31, 'std': 5.79, 'var': 33.54}","{'sum': 351, 'avg': 6.88, 'std': 4.42, 'var': 19.55}"
Swift,176,Ruby Swift,ios,123,"{'sum': 455, 'avg': 2.59, 'std': 4.21, 'var': 17.75}","{'sum': 60973448, 'avg': 346440.05, 'std': 713543.31, 'var': 509144050745.36}","{'sum': 118.10134798522961, 'avg': 0.67, 'std': 0.41, 'var': 0.17}","{'sum': 1042, 'avg': 5.92, 'std': 7.84, 'var': 61.53}","{'sum': 1222, 'avg': 6.94, 'std': 4.19, 'var': 17.52}"
Objective-C,268,Objective-C Ruby,ios,48,"{'sum': 1076, 'avg': 4.01, 'std': 4.61, 'var': 21.23}","{'sum': 84149889, 'avg': 313992.12, 'std': 1084719.39, 'var': 1176616150875.12}","{'sum': 51.900249849650685, 'avg': 0.19, 'std': 0.32, 'var': 0.1}","{'sum': 2109, 'avg': 7.87, 'std': 8.0, 'var': 64.06}","{'sum': 1841, 'avg': 6.87, 'std': 4.46, 'var': 19.89}"
Ruby,346,Ruby Shell,ios,20,"{'sum': 1706, 'avg': 4.93, 'std': 3.83, 'var': 14.67}","{'sum': 31488162, 'avg': 91006.25, 'std': 570086.66, 'var': 324998797971.38}","{'sum': 21.01344348359164, 'avg': 0.06, 'std': 0.19, 'var': 0.03}","{'sum': 2533, 'avg': 7.32, 'std': 7.19, 'var': 51.69}","{'sum': 2470, 'avg': 7.14, 'std': 4.6, 'var': 21.2}"
Vue,123,JavaScript Vue,vuejs,31,"{'sum': 369, 'avg': 3, 'std': 4.0, 'var': 15.97}","{'sum': 18406270, 'avg': 149644.47, 'std': 253560.17, 'var': 64292759489.3}","{'sum': 31.630902480150308, 'avg': 0.26, 'std': 0.28, 'var': 0.08}","{'sum': 744, 'avg': 6.05, 'std': 7.42, 'var': 55.1}","{'sum': 877, 'avg': 7.13, 'std': 4.68, 'var': 21.92}"
Go,281,Go Shell,golang,228,"{'sum': 582, 'avg': 2.07, 'std': 4.23, 'var': 17.92}","{'sum': 499206098, 'avg': 1776534.16, 'std': 4888737.2, 'var': 23899751390812.82}","{'sum': 206.94611219027874, 'avg': 0.74, 'std': 0.35, 'var': 0.12}","{'sum': 1919, 'avg': 6.83, 'std': 7.06, 'var': 49.81}","{'sum': 1907, 'avg': 6.79, 'std': 3.86, 'var': 14.91}"
Assembly,63,Assembly C,machine-learning,1,"{'sum': 455, 'avg': 7.22, 'std': 4.92, 'var': 24.24}","{'sum': 37847238, 'avg': 600749.81, 'std': 2068305.65, 'var': 4277888279001.77}","{'sum': 2.1160036078667535, 'avg': 0.03, 'std': 0.09, 'var': 0.01}","{'sum': 850, 'avg': 13.49, 'std': 10.88, 'var': 118.32}","{'sum': 433, 'avg': 6.87, 'std': 3.85, 'var': 14.82}"
Kotlin,93,Java Kotlin,android,33,"{'sum': 342, 'avg': 3.68, 'std': 8.05, 'var': 64.83}","{'sum': 52110735, 'avg': 560330.48, 'std': 1389827.92, 'var': 1931621637875.73}","{'sum': 34.913980364758636, 'avg': 0.38, 'std': 0.4, 'var': 0.16}","{'sum': 626, 'avg': 6.73, 'std': 9.86, 'var': 97.18}","{'sum': 612, 'avg': 6.58, 'std': 4.46, 'var': 19.88}"
TSQL,58,Shell TSQL,docker,0,"{'sum': 299, 'avg': 5.16, 'std': 3.89, 'var': 15.12}","{'sum': 7111616, 'avg': 122614.07, 'std': 321450.7, 'var': 103330553318.49}","{'sum': 1.8596092845063057, 'avg': 0.03, 'std': 0.06, 'var': 0.0}","{'sum': 512, 'avg': 8.83, 'std': 4.93, 'var': 24.32}","{'sum': 462, 'avg': 7.97, 'std': 4.18, 'var': 17.47}"
Perl,74,Perl Shell,deep-learning,2,"{'sum': 574, 'avg': 7.76, 'std': 5.83, 'var': 33.94}","{'sum': 12255221, 'avg': 165611.09, 'std': 478674.69, 'var': 229129462423.21}","{'sum': 2.767065670734735, 'avg': 0.04, 'std': 0.13, 'var': 0.02}","{'sum': 1071, 'avg': 14.47, 'std': 11.86, 'var': 140.64}","{'sum': 489, 'avg': 6.61, 'std': 4.09, 'var': 16.71}"
OCaml,12,JavaScript OCaml,compiler,6,"{'sum': 134, 'avg': 11.17, 'std': 21.98, 'var': 483.06}","{'sum': 70190111, 'avg': 5849175.92, 'std': 16853574.05, 'var': 284042958246500.1}","{'sum': 5.063994345040779, 'avg': 0.42, 'std': 0.43, 'var': 0.18}","{'sum': 218, 'avg': 18.17, 'std': 22.37, 'var': 500.33}","{'sum': 79, 'avg': 6.58, 'std': 3.7, 'var': 13.72}"
Standard ML,10,Shell Standard ML,compiler,0,"{'sum': 111, 'avg': 11.1, 'std': 7.14, 'var': 50.99}","{'sum': 2647559, 'avg': 264755.9, 'std': 818589.25, 'var': 670088361278.99}","{'sum': 0.044368472498697624, 'avg': 0.0, 'std': 0.01, 'var': 0.0}","{'sum': 144, 'avg': 14.4, 'std': 9.89, 'var': 97.82}","{'sum': 65, 'avg': 6.5, 'std': 3.84, 'var': 14.72}"
PostScript,8,PostScript Shell,vim,0,"{'sum': 56, 'avg': 7, 'std': 2.39, 'var': 5.71}","{'sum': 2502270, 'avg': 312783.75, 'std': 698812.46, 'var': 488338850601.93}","{'sum': 0.20649019562754217, 'avg': 0.03, 'std': 0.06, 'var': 0.0}","{'sum': 155, 'avg': 19.38, 'std': 13.36, 'var': 178.55}","{'sum': 25, 'avg': 3.12, 'std': 1.25, 'var': 1.55}"
TeX,37,Python TeX,machine-learning,7,"{'sum': 169, 'avg': 4.57, 'std': 3.36, 'var': 11.31}","{'sum': 3630480, 'avg': 98121.08, 'std': 182904.86, 'var': 33454187653.08}","{'sum': 7.079903272061001, 'avg': 0.19, 'std': 0.34, 'var': 0.11}","{'sum': 394, 'avg': 10.65, 'std': 14.58, 'var': 212.57}","{'sum': 224, 'avg': 6.05, 'std': 4.06, 'var': 16.5}"
Coq,2,Coq JavaScript,alt-js,0,"{'sum': 16, 'avg': 8, 'std': 2.83, 'var': 8}","{'sum': 713714, 'avg': 356857, 'std': 338006.94, 'var': 114248692098}","{'sum': 0.009241870466430071, 'avg': 0.0, 'std': 0.0, 'var': 0.0}","{'sum': 29, 'avg': 14.5, 'std': 2.12, 'var': 4.5}","{'sum': 6, 'avg': 3, 'std': 0.0, 'var': 0}"
Gnuplot,4,Gnuplot Shell,alt-js,0,"{'sum': 27, 'avg': 6.75, 'std': 4.65, 'var': 21.58}","{'sum': 8627, 'avg': 2156.75, 'std': 1817.55, 'var': 3303494.92}","{'sum': 0.0018428928452144386, 'avg': 0.0, 'std': 0.0, 'var': 0.0}","{'sum': 28, 'avg': 7, 'std': 4.69, 'var': 22}","{'sum': 20, 'avg': 5, 'std': 2.45, 'var': 6}"
Vim script,32,Shell Vim script,vim,5,"{'sum': 233, 'avg': 7.28, 'std': 6.98, 'var': 48.72}","{'sum': 25848170, 'avg': 807755.31, 'std': 2841131.87, 'var': 8072030299530.22}","{'sum': 5.484657772598254, 'avg': 0.17, 'std': 0.33, 'var': 0.11}","{'sum': 351, 'avg': 10.97, 'std': 8.7, 'var': 75.77}","{'sum': 201, 'avg': 6.28, 'std': 4.01, 'var': 16.08}"
HCL,35,HCL Shell,react,0,"{'sum': 234, 'avg': 6.69, 'std': 5.02, 'var': 25.22}","{'sum': 266662, 'avg': 7618.91, 'std': 13504.01, 'var': 182358333.61}","{'sum': 0.48733184513390665, 'avg': 0.01, 'std': 0.05, 'var': 0.0}","{'sum': 344, 'avg': 9.83, 'std': 13.06, 'var': 170.44}","{'sum': 256, 'avg': 7.31, 'std': 4.52, 'var': 20.46}"
PHP,96,HTML PHP,laravel,32,"{'sum': 569, 'avg': 5.93, 'std': 8.12, 'var': 65.86}","{'sum': 84602592, 'avg': 881277, 'std': 2358938.03, 'var': 5564588649158.67}","{'sum': 29.26562617995174, 'avg': 0.3, 'std': 0.4, 'var': 0.16}","{'sum': 964, 'avg': 10.04, 'std': 11.02, 'var': 121.43}","{'sum': 676, 'avg': 7.04, 'std': 4.45, 'var': 19.77}"
Hack,7,Hack PHP,analysis,1,"{'sum': 30, 'avg': 4.29, 'std': 1.8, 'var': 3.24}","{'sum': 1065410, 'avg': 152201.43, 'std': 392679.33, 'var': 154197059665.29}","{'sum': 0.7922992751810856, 'avg': 0.11, 'std': 0.29, 'var': 0.08}","{'sum': 43, 'avg': 6.14, 'std': 2.54, 'var': 6.48}","{'sum': 45, 'avg': 6.43, 'std': 3.55, 'var': 12.62}"
Gherkin,11,Gherkin Shell,awesome-list,0,"{'sum': 105, 'avg': 9.55, 'std': 14.47, 'var': 209.47}","{'sum': 422402, 'avg': 38400.18, 'std': 103871.21, 'var': 10789229210.36}","{'sum': 0.0728500070841371, 'avg': 0.01, 'std': 0.01, 'var': 0.0}","{'sum': 158, 'avg': 14.36, 'std': 22.98, 'var': 528.05}","{'sum': 81, 'avg': 7.36, 'std': 4.67, 'var': 21.85}"
Batchfile,220,Batchfile Shell,windows,0,"{'sum': 1810, 'avg': 8.23, 'std': 6.72, 'var': 45.19}","{'sum': 1789598, 'avg': 8134.54, 'std': 19779.51, 'var': 391229085.02}","{'sum': 0.5102343181297394, 'avg': 0.0, 'std': 0.01, 'var': 0.0}","{'sum': 2291, 'avg': 10.41, 'std': 7.97, 'var': 63.5}","{'sum': 1585, 'avg': 7.2, 'std': 4.29, 'var': 18.39}"
C#,109,C# Shell,c-sharp,57,"{'sum': 488, 'avg': 4.48, 'std': 6.88, 'var': 47.31}","{'sum': 789182322, 'avg': 7240204.79, 'std': 25676903.32, 'var': 659303364127432.8}","{'sum': 50.02079657729235, 'avg': 0.46, 'std': 0.42, 'var': 0.18}","{'sum': 1201, 'avg': 11.02, 'std': 9.78, 'var': 95.57}","{'sum': 870, 'avg': 7.98, 'std': 4.47, 'var': 19.94}"
CMake,122,C++ CMake,machine-learning,1,"{'sum': 707, 'avg': 5.8, 'std': 4.04, 'var': 16.33}","{'sum': 15552556, 'avg': 127479.97, 'std': 421889.81, 'var': 177991010211.01}","{'sum': 2.787410848769737, 'avg': 0.02, 'std': 0.07, 'var': 0.0}","{'sum': 1292, 'avg': 10.59, 'std': 6.07, 'var': 36.91}","{'sum': 855, 'avg': 7.01, 'std': 3.8, 'var': 14.45}"
Lua,42,Lua Shell,deep-learning,6,"{'sum': 396, 'avg': 9.43, 'std': 13.52, 'var': 182.74}","{'sum': 13477596, 'avg': 320895.14, 'std': 834398.43, 'var': 696220737593.25}","{'sum': 6.013628680357439, 'avg': 0.14, 'std': 0.26, 'var': 0.07}","{'sum': 605, 'avg': 14.4, 'std': 14.73, 'var': 216.83}","{'sum': 280, 'avg': 6.67, 'std': 3.82, 'var': 14.57}"
XSLT,23,Shell XSLT,windows,1,"{'sum': 231, 'avg': 10.04, 'std': 11.57, 'var': 133.77}","{'sum': 839581, 'avg': 36503.52, 'std': 105642.36, 'var': 11160308719.08}","{'sum': 1.0317390394783947, 'avg': 0.04, 'std': 0.16, 'var': 0.03}","{'sum': 343, 'avg': 14.91, 'std': 15.63, 'var': 244.36}","{'sum': 162, 'avg': 7.04, 'std': 4.47, 'var': 19.95}"
Metal,2,C++ Metal,deep-learning,0,"{'sum': 12, 'avg': 6, 'std': 2.83, 'var': 8}","{'sum': 456066, 'avg': 228033, 'std': 262022.66, 'var': 68655874568}","{'sum': 0.07511868440156998, 'avg': 0.04, 'std': 0.05, 'var': 0.0}","{'sum': 30, 'avg': 15, 'std': 2.83, 'var': 8}","{'sum': 17, 'avg': 8.5, 'std': 2.12, 'var': 4.5}"
Objective-C++,43,C Objective-C++,ios,1,"{'sum': 282, 'avg': 6.56, 'std': 4.05, 'var': 16.44}","{'sum': 7473734, 'avg': 173807.77, 'std': 458305.12, 'var': 210043581499.09}","{'sum': 1.5155760000846044, 'avg': 0.04, 'std': 0.11, 'var': 0.01}","{'sum': 535, 'avg': 12.44, 'std': 6.78, 'var': 46.01}","{'sum': 253, 'avg': 5.88, 'std': 3.66, 'var': 13.39}"
Awk,17,Awk Shell,deep-learning,0,"{'sum': 245, 'avg': 14.41, 'std': 6.89, 'var': 47.51}","{'sum': 93890, 'avg': 5522.94, 'std': 7886.64, 'var': 62199160.18}","{'sum': 0.032050908940460233, 'avg': 0.0, 'std': 0.01, 'var': 0.0}","{'sum': 297, 'avg': 17.47, 'std': 9.31, 'var': 86.64}","{'sum': 93, 'avg': 5.47, 'std': 3.12, 'var': 9.76}"
Rust,52,Rust Shell,cli,33,"{'sum': 193, 'avg': 3.71, 'std': 5.17, 'var': 26.72}","{'sum': 43371106, 'avg': 834059.73, 'std': 1315141.68, 'var': 1729597630602.59}","{'sum': 31.188880206841866, 'avg': 0.6, 'std': 0.45, 'var': 0.2}","{'sum': 451, 'avg': 8.67, 'std': 9.37, 'var': 87.75}","{'sum': 298, 'avg': 5.73, 'std': 3.18, 'var': 10.08}"
Roff,53,Roff Shell,command-line,1,"{'sum': 392, 'avg': 7.4, 'std': 5.51, 'var': 30.36}","{'sum': 9851896, 'avg': 185884.83, 'std': 844887.6, 'var': 713835048831.03}","{'sum': 1.7966526181848645, 'avg': 0.03, 'std': 0.13, 'var': 0.02}","{'sum': 647, 'avg': 12.21, 'std': 7.91, 'var': 62.55}","{'sum': 393, 'avg': 7.42, 'std': 4.18, 'var': 17.48}"
QMake,11,C++ QMake,gui,0,"{'sum': 81, 'avg': 7.36, 'std': 6.04, 'var': 36.45}","{'sum': 106353, 'avg': 9668.45, 'std': 9310.66, 'var': 86688398.27}","{'sum': 0.08214856406905369, 'avg': 0.01, 'std': 0.01, 'var': 0.0}","{'sum': 116, 'avg': 10.55, 'std': 7.29, 'var': 53.07}","{'sum': 90, 'avg': 8.18, 'std': 3.79, 'var': 14.36}"
Pascal,8,C++ Pascal,windows,0,"{'sum': 141, 'avg': 17.62, 'std': 18.32, 'var': 335.7}","{'sum': 244295, 'avg': 30536.88, 'std': 44548.83, 'var': 1984597839.84}","{'sum': 0.053215070477084916, 'avg': 0.01, 'std': 0.01, 'var': 0.0}","{'sum': 226, 'avg': 28.25, 'std': 25.29, 'var': 639.36}","{'sum': 43, 'avg': 5.38, 'std': 3.81, 'var': 14.55}"
Inno Setup,9,Inno Setup Shell,windows,0,"{'sum': 43, 'avg': 4.78, 'std': 2.11, 'var': 4.44}","{'sum': 217637, 'avg': 24181.89, 'std': 53393.42, 'var': 2850857347.86}","{'sum': 0.36602893537234354, 'avg': 0.04, 'std': 0.1, 'var': 0.01}","{'sum': 93, 'avg': 10.33, 'std': 9.33, 'var': 87.0}","{'sum': 88, 'avg': 9.78, 'std': 4.32, 'var': 18.69}"
PowerShell,102,PowerShell Shell,windows,4,"{'sum': 604, 'avg': 5.92, 'std': 3.97, 'var': 15.76}","{'sum': 12834125, 'avg': 125824.75, 'std': 575315.15, 'var': 330987524875.12}","{'sum': 4.944055900741934, 'avg': 0.05, 'std': 0.18, 'var': 0.03}","{'sum': 956, 'avg': 9.37, 'std': 5.36, 'var': 28.69}","{'sum': 749, 'avg': 7.34, 'std': 3.88, 'var': 15.04}"
Smarty,56,Shell Smarty,kubernetes,1,"{'sum': 369, 'avg': 6.59, 'std': 4.09, 'var': 16.76}","{'sum': 1506257, 'avg': 26897.45, 'std': 101328.48, 'var': 10267460852.51}","{'sum': 1.4196717587913286, 'avg': 0.03, 'std': 0.12, 'var': 0.01}","{'sum': 498, 'avg': 8.89, 'std': 4.87, 'var': 23.7}","{'sum': 382, 'avg': 6.82, 'std': 3.79, 'var': 14.37}"
GDB,9,GDB Shell,linux,0,"{'sum': 79, 'avg': 8.78, 'std': 7.05, 'var': 49.69}","{'sum': 59044, 'avg': 6560.44, 'std': 14140.3, 'var': 199948207.53}","{'sum': 0.16590672369781895, 'avg': 0.02, 'std': 0.04, 'var': 0.0}","{'sum': 101, 'avg': 11.22, 'std': 12.25, 'var': 149.94}","{'sum': 51, 'avg': 5.67, 'std': 5.41, 'var': 29.25}"
FreeMarker,14,FreeMarker Java,mybatis,0,"{'sum': 123, 'avg': 8.79, 'std': 16.99, 'var': 288.8}","{'sum': 166448, 'avg': 11889.14, 'std': 16431.97, 'var': 270009609.67}","{'sum': 0.35965320605593104, 'avg': 0.03, 'std': 0.05, 'var': 0.0}","{'sum': 160, 'avg': 11.43, 'std': 20.99, 'var': 440.42}","{'sum': 94, 'avg': 6.71, 'std': 3.17, 'var': 10.07}"
GLSL,18,GLSL Shell,opengl,0,"{'sum': 122, 'avg': 6.78, 'std': 8.43, 'var': 71.12}","{'sum': 621324, 'avg': 34518, 'std': 53005.68, 'var': 2809602422}","{'sum': 0.6438216759463679, 'avg': 0.04, 'std': 0.09, 'var': 0.01}","{'sum': 229, 'avg': 12.72, 'std': 17.84, 'var': 318.09}","{'sum': 142, 'avg': 7.89, 'std': 5.4, 'var': 29.16}"
PLSQL,9,PLSQL Shell,privacy,0,"{'sum': 99, 'avg': 11, 'std': 9.51, 'var': 90.5}","{'sum': 55397, 'avg': 6155.22, 'std': 9674.99, 'var': 93605425.44}","{'sum': 0.028787680752095438, 'avg': 0.0, 'std': 0.0, 'var': 0.0}","{'sum': 164, 'avg': 18.22, 'std': 24.19, 'var': 584.94}","{'sum': 68, 'avg': 7.56, 'std': 4.64, 'var': 21.53}"
Yacc,16,Makefile Yacc,machine-learning,0,"{'sum': 147, 'avg': 9.19, 'std': 6.18, 'var': 38.16}","{'sum': 1131665, 'avg': 70729.06, 'std': 126130.13, 'var': 15908810034.46}","{'sum': 0.1027744465854894, 'avg': 0.01, 'std': 0.01, 'var': 0.0}","{'sum': 261, 'avg': 16.31, 'std': 9.86, 'var': 97.16}","{'sum': 94, 'avg': 5.88, 'std': 3.91, 'var': 15.32}"
Erlang,4,Elixir Erlang,anaconda,0,"{'sum': 79, 'avg': 19.75, 'std': 16.26, 'var': 264.25}","{'sum': 44387, 'avg': 11096.75, 'std': 14317.53, 'var': 204991746.25}","{'sum': 0.030439471514149576, 'avg': 0.01, 'std': 0.01, 'var': 0.0}","{'sum': 100, 'avg': 25, 'std': 20.25, 'var': 410}","{'sum': 21, 'avg': 5.25, 'std': 2.99, 'var': 8.92}"
Julia,4,Julia Python,anaconda,0,"{'sum': 110, 'avg': 27.5, 'std': 28.41, 'var': 807.0}","{'sum': 20456, 'avg': 5114, 'std': 8126.98, 'var': 66047862}","{'sum': 0.017429148040474973, 'avg': 0.0, 'std': 0.01, 'var': 0.0}","{'sum': 153, 'avg': 38.25, 'std': 31.65, 'var': 1001.58}","{'sum': 27, 'avg': 6.75, 'std': 2.99, 'var': 8.92}"
Elixir,9,Elixir Shell,linter,4,"{'sum': 128, 'avg': 14.22, 'std': 24.23, 'var': 587.19}","{'sum': 2469944, 'avg': 274438.22, 'std': 400400.69, 'var': 160320712528.69}","{'sum': 3.7751823068912462, 'avg': 0.42, 'std': 0.49, 'var': 0.24}","{'sum': 178, 'avg': 19.78, 'std': 26.67, 'var': 711.44}","{'sum': 52, 'avg': 5.78, 'std': 2.11, 'var': 4.44}"
R,17,Python R,machine-learning,0,"{'sum': 178, 'avg': 10.47, 'std': 8.68, 'var': 75.26}","{'sum': 694236, 'avg': 40837.41, 'std': 67373.31, 'var': 4539162911.38}","{'sum': 0.624986250183436, 'avg': 0.04, 'std': 0.1, 'var': 0.01}","{'sum': 313, 'avg': 18.41, 'std': 18.87, 'var': 356.01}","{'sum': 123, 'avg': 7.24, 'std': 4.34, 'var': 18.82}"
Nix,9,Nix Python,cryptocurrency,0,"{'sum': 135, 'avg': 15, 'std': 15.08, 'var': 227.5}","{'sum': 1795093, 'avg': 199454.78, 'std': 533508.94, 'var': 284631787154.94}","{'sum': 0.22693564822289738, 'avg': 0.03, 'std': 0.06, 'var': 0.0}","{'sum': 210, 'avg': 23.33, 'std': 24.89, 'var': 619.5}","{'sum': 44, 'avg': 4.89, 'std': 4.01, 'var': 16.11}"
Vala,1,CMake Vala,apng,1,"{'sum': 1, 'avg': 0, 'std': 0, 'var': 0}","{'sum': 110324, 'avg': 0, 'std': 0, 'var': 0}","{'sum': 0.6537641035365507, 'avg': 0, 'std': 0, 'var': 0}","{'sum': 6, 'avg': 0, 'std': 0, 'var': 0}","{'sum': 9, 'avg': 0, 'std': 0, 'var': 0}"
Meson,10,Meson Shell,linux,0,"{'sum': 38, 'avg': 3.8, 'std': 1.03, 'var': 1.07}","{'sum': 375009, 'avg': 37500.9, 'std': 88616.25, 'var': 7852840496.32}","{'sum': 0.14958345543616386, 'avg': 0.01, 'std': 0.02, 'var': 0.0}","{'sum': 82, 'avg': 8.2, 'std': 3.49, 'var': 12.18}","{'sum': 54, 'avg': 5.4, 'std': 2.12, 'var': 4.49}"
M4,31,M4 Shell,machine-learning,0,"{'sum': 273, 'avg': 8.81, 'std': 4.61, 'var': 21.29}","{'sum': 2922007, 'avg': 94258.29, 'std': 159817.21, 'var': 25541541722.68}","{'sum': 0.4899476900851283, 'avg': 0.02, 'std': 0.03, 'var': 0.0}","{'sum': 502, 'avg': 16.19, 'std': 9.02, 'var': 81.43}","{'sum': 199, 'avg': 6.42, 'std': 3.26, 'var': 10.65}"
Dart,13,Dart Java,flutter,10,"{'sum': 31, 'avg': 2.38, 'std': 3.33, 'var': 11.09}","{'sum': 93278858, 'avg': 7175296.77, 'std': 18109965.54, 'var': 327970851970928.56}","{'sum': 8.999149264892585, 'avg': 0.69, 'std': 0.35, 'var': 0.13}","{'sum': 121, 'avg': 9.31, 'std': 5.22, 'var': 27.23}","{'sum': 48, 'avg': 3.69, 'std': 2.78, 'var': 7.73}"
Cuda,26,Cuda Python,deep-learning,0,"{'sum': 146, 'avg': 5.62, 'std': 4.84, 'var': 23.45}","{'sum': 6562223, 'avg': 252393.19, 'std': 630715.35, 'var': 397801848455.2}","{'sum': 0.7094211340629198, 'avg': 0.03, 'std': 0.03, 'var': 0.0}","{'sum': 282, 'avg': 10.85, 'std': 5.77, 'var': 33.26}","{'sum': 199, 'avg': 7.65, 'std': 4.18, 'var': 17.44}"
VCL,2,PHP VCL,docker,0,"{'sum': 11, 'avg': 5.5, 'std': 2.12, 'var': 4.5}","{'sum': 19052, 'avg': 9526, 'std': 10595.29, 'var': 112260128}","{'sum': 0.10340304974914605, 'avg': 0.05, 'std': 0.05, 'var': 0.0}","{'sum': 17, 'avg': 8.5, 'std': 0.71, 'var': 0.5}","{'sum': 23, 'avg': 11.5, 'std': 9.19, 'var': 84.5}"
PLpgSQL,22,PLpgSQL Shell,postgresql,1,"{'sum': 134, 'avg': 6.09, 'std': 4.24, 'var': 17.99}","{'sum': 3672274, 'avg': 166921.55, 'std': 397791.93, 'var': 158238418021.78}","{'sum': 1.7316307677065426, 'avg': 0.08, 'std': 0.15, 'var': 0.02}","{'sum': 226, 'avg': 10.27, 'std': 4.6, 'var': 21.16}","{'sum': 165, 'avg': 7.5, 'std': 3.66, 'var': 13.4}"
Ragel,4,Python Ragel,aio,0,"{'sum': 26, 'avg': 6.5, 'std': 3.11, 'var': 9.67}","{'sum': 30588, 'avg': 7647, 'std': 2481.83, 'var': 6159468.67}","{'sum': 0.008270628603913276, 'avg': 0.0, 'std': 0.0, 'var': 0.0}","{'sum': 31, 'avg': 7.75, 'std': 4.19, 'var': 17.58}","{'sum': 20, 'avg': 5, 'std': 2.83, 'var': 8}"
NSIS,22,NSIS Shell,electron,0,"{'sum': 209, 'avg': 9.5, 'std': 8.89, 'var': 79.02}","{'sum': 483186, 'avg': 21963, 'std': 32989.0, 'var': 1088274179.81}","{'sum': 0.18927470603547294, 'avg': 0.01, 'std': 0.01, 'var': 0.0}","{'sum': 306, 'avg': 13.91, 'std': 10.84, 'var': 117.61}","{'sum': 157, 'avg': 7.14, 'std': 4.81, 'var': 23.17}"
AppleScript,9,AppleScript JavaScript,react,0,"{'sum': 38, 'avg': 4.22, 'std': 2.11, 'var': 4.44}","{'sum': 14152, 'avg': 1572.44, 'std': 655.63, 'var': 429844.78}","{'sum': 0.12885374256050858, 'avg': 0.01, 'std': 0.02, 'var': 0.0}","{'sum': 57, 'avg': 6.33, 'std': 1.22, 'var': 1.5}","{'sum': 66, 'avg': 7.33, 'std': 3.81, 'var': 14.5}"
Rich Text Format,14,Rich Text Format Shell,macos,3,"{'sum': 74, 'avg': 5.29, 'std': 4.83, 'var': 23.3}","{'sum': 13877594, 'avg': 991256.71, 'std': 2491642.24, 'var': 6208281027247.3}","{'sum': 2.157769982138302, 'avg': 0.15, 'std': 0.3, 'var': 0.09}","{'sum': 117, 'avg': 8.36, 'std': 3.99, 'var': 15.94}","{'sum': 116, 'avg': 8.29, 'std': 5.37, 'var': 28.84}"
Jsonnet,10,Jsonnet Shell,kubernetes,2,"{'sum': 34, 'avg': 3.4, 'std': 3.17, 'var': 10.04}","{'sum': 47945417, 'avg': 4794541.7, 'std': 14635094.22, 'var': 214185982724443.75}","{'sum': 1.883052213232124, 'avg': 0.19, 'std': 0.33, 'var': 0.11}","{'sum': 89, 'avg': 8.9, 'std': 2.73, 'var': 7.43}","{'sum': 71, 'avg': 7.1, 'std': 4.46, 'var': 19.88}"
IDL,8,IDL Java,android,0,"{'sum': 161, 'avg': 20.12, 'std': 19.67, 'var': 386.98}","{'sum': 67252, 'avg': 8406.5, 'std': 21771.59, 'var': 474001976.29}","{'sum': 0.007130106887402934, 'avg': 0.0, 'std': 0.0, 'var': 0.0}","{'sum': 193, 'avg': 24.12, 'std': 25.2, 'var': 635.27}","{'sum': 43, 'avg': 5.38, 'std': 6.02, 'var': 36.27}"
ASP,9,ASP JavaScript,csharp,1,"{'sum': 89, 'avg': 9.89, 'std': 5.88, 'var': 34.61}","{'sum': 936580, 'avg': 104064.44, 'std': 299258.35, 'var': 89555558119.28}","{'sum': 0.45192361903824607, 'avg': 0.05, 'std': 0.15, 'var': 0.02}","{'sum': 109, 'avg': 12.11, 'std': 5.82, 'var': 33.86}","{'sum': 80, 'avg': 8.89, 'std': 3.79, 'var': 14.36}"
Scala,29,Scala Shell,spark,10,"{'sum': 197, 'avg': 6.79, 'std': 9.58, 'var': 91.74}","{'sum': 577231982, 'avg': 19904551.1, 'std': 70015359.34, 'var': 4902150543177033.0}","{'sum': 8.067270298757935, 'avg': 0.28, 'std': 0.36, 'var': 0.13}","{'sum': 406, 'avg': 14, 'std': 15.18, 'var': 230.57}","{'sum': 208, 'avg': 7.17, 'std': 3.84, 'var': 14.72}"
Thrift,10,Shell Thrift,monitoring,0,"{'sum': 79, 'avg': 7.9, 'std': 4.04, 'var': 16.32}","{'sum': 89044, 'avg': 8904.4, 'std': 14147.04, 'var': 200138726.71}","{'sum': 0.012464356425284342, 'avg': 0.0, 'std': 0.0, 'var': 0.0}","{'sum': 165, 'avg': 16.5, 'std': 23.38, 'var': 546.72}","{'sum': 56, 'avg': 5.6, 'std': 1.96, 'var': 3.82}"
Emacs Lisp,20,Emacs Lisp Shell,linux,2,"{'sum': 193, 'avg': 9.65, 'std': 6.28, 'var': 39.4}","{'sum': 58224980, 'avg': 2911249, 'std': 12627373.27, 'var': 159450555777642.53}","{'sum': 1.7360627979064869, 'avg': 0.09, 'std': 0.26, 'var': 0.07}","{'sum': 338, 'avg': 16.9, 'std': 10.35, 'var': 107.04}","{'sum': 132, 'avg': 6.6, 'std': 3.87, 'var': 14.99}"
sed,7,Shell sed,linux,0,"{'sum': 67, 'avg': 9.57, 'std': 5.13, 'var': 26.29}","{'sum': 40171, 'avg': 5738.71, 'std': 6569.28, 'var': 43155407.24}","{'sum': 0.39848182682710054, 'avg': 0.06, 'std': 0.11, 'var': 0.01}","{'sum': 74, 'avg': 10.57, 'std': 4.39, 'var': 19.29}","{'sum': 64, 'avg': 9.14, 'std': 4.98, 'var': 24.81}"
DTrace,4,C DTrace,linux,0,"{'sum': 38, 'avg': 9.5, 'std': 5.0, 'var': 25.0}","{'sum': 77106, 'avg': 19276.5, 'std': 21107.79, 'var': 445538613.67}","{'sum': 0.0035016391269723684, 'avg': 0.0, 'std': 0.0, 'var': 0.0}","{'sum': 60, 'avg': 15, 'std': 12.33, 'var': 152}","{'sum': 27, 'avg': 6.75, 'std': 2.63, 'var': 6.92}"
F#,12,C# F#,dotnet,0,"{'sum': 177, 'avg': 14.75, 'std': 15.77, 'var': 248.75}","{'sum': 131137, 'avg': 10928.08, 'std': 30358.97, 'var': 921666937.72}","{'sum': 0.017620042301968848, 'avg': 0.0, 'std': 0.0, 'var': 0.0}","{'sum': 250, 'avg': 20.83, 'std': 22.38, 'var': 500.88}","{'sum': 81, 'avg': 6.75, 'std': 3.39, 'var': 11.48}"
Smalltalk,9,Shell Smalltalk,vim,0,"{'sum': 135, 'avg': 15, 'std': 8.26, 'var': 68.25}","{'sum': 741608, 'avg': 82400.89, 'std': 208222.19, 'var': 43356478334.86}","{'sum': 0.009871180707214055, 'avg': 0.0, 'std': 0.0, 'var': 0.0}","{'sum': 247, 'avg': 27.44, 'std': 23.23, 'var': 539.78}","{'sum': 40, 'avg': 4.44, 'std': 2.6, 'var': 6.78}"
ActionScript,4,ActionScript JavaScript,canvas,0,"{'sum': 23, 'avg': 5.75, 'std': 4.27, 'var': 18.25}","{'sum': 135147, 'avg': 33786.75, 'std': 37759.02, 'var': 1425743798.25}","{'sum': 0.042922331632501254, 'avg': 0.01, 'std': 0.01, 'var': 0.0}","{'sum': 40, 'avg': 10, 'std': 6.06, 'var': 36.67}","{'sum': 32, 'avg': 8, 'std': 3.56, 'var': 12.67}"
AngelScript,3,AngelScript JavaScript,agent,0,"{'sum': 24, 'avg': 8, 'std': 3.46, 'var': 12}","{'sum': 10839, 'avg': 3613, 'std': 6032.73, 'var': 36393867}","{'sum': 0.002756215174760493, 'avg': 0.0, 'std': 0.0, 'var': 0.0}","{'sum': 27, 'avg': 9, 'std': 1.73, 'var': 3}","{'sum': 20, 'avg': 6.67, 'std': 2.31, 'var': 5.33}"
CoffeeScript,28,CoffeeScript JavaScript,chat,2,"{'sum': 170, 'avg': 6.07, 'std': 5.1, 'var': 25.99}","{'sum': 4979245, 'avg': 177830.18, 'std': 628220.51, 'var': 394661008970.37}","{'sum': 1.7809055502204967, 'avg': 0.06, 'std': 0.18, 'var': 0.03}","{'sum': 235, 'avg': 8.39, 'std': 6.6, 'var': 43.58}","{'sum': 181, 'avg': 6.46, 'std': 3.45, 'var': 11.89}"
GAP,6,C++ GAP,programming-language,0,"{'sum': 61, 'avg': 10.17, 'std': 5.78, 'var': 33.37}","{'sum': 244188, 'avg': 40698, 'std': 40280.44, 'var': 1622514110}","{'sum': 0.02014470229071354, 'avg': 0.0, 'std': 0.0, 'var': 0.0}","{'sum': 156, 'avg': 26, 'std': 28.01, 'var': 784.4}","{'sum': 27, 'avg': 4.5, 'std': 2.81, 'var': 7.9}"
Prolog,12,Prolog Shell,vim,0,"{'sum': 216, 'avg': 18, 'std': 9.84, 'var': 96.73}","{'sum': 435152, 'avg': 36262.67, 'std': 93390.55, 'var': 8721794333.88}","{'sum': 0.01451148639712999, 'avg': 0.0, 'std': 0.0, 'var': 0.0}","{'sum': 345, 'avg': 28.75, 'std': 20.49, 'var': 419.84}","{'sum': 66, 'avg': 5.5, 'std': 5.33, 'var': 28.45}"
Haskell,11,Haskell Python,functional-programming,4,"{'sum': 89, 'avg': 8.09, 'std': 10.5, 'var': 110.29}","{'sum': 10305549, 'avg': 936868.09, 'std': 1973800.25, 'var': 3895887439468.89}","{'sum': 3.694686092629484, 'avg': 0.34, 'std': 0.42, 'var': 0.18}","{'sum': 222, 'avg': 20.18, 'std': 22.93, 'var': 525.96}","{'sum': 74, 'avg': 6.73, 'std': 4.13, 'var': 17.02}"
Rascal,1,,cloud,0,"{'sum': 9, 'avg': 0, 'std': 0, 'var': 0}","{'sum': 45302, 'avg': 0, 'std': 0, 'var': 0}","{'sum': 0.0015502781959199573, 'avg': 0, 'std': 0, 'var': 0}","{'sum': 23, 'avg': 0, 'std': 0, 'var': 0}","{'sum': 6, 'avg': 0, 'std': 0, 'var': 0}"
SQLPL,7,SQLPL Shell,postgres,0,"{'sum': 66, 'avg': 9.43, 'std': 3.87, 'var': 14.95}","{'sum': 122982, 'avg': 17568.86, 'std': 21227.02, 'var': 450586282.81}","{'sum': 0.028120735796904217, 'avg': 0.0, 'std': 0.01, 'var': 0.0}","{'sum': 94, 'avg': 13.43, 'std': 5.65, 'var': 31.95}","{'sum': 41, 'avg': 5.86, 'std': 2.41, 'var': 5.81}"
Puppet,3,Puppet Python,cloud,0,"{'sum': 85, 'avg': 28.33, 'std': 31.09, 'var': 966.33}","{'sum': 79053, 'avg': 26351, 'std': 39169.33, 'var': 1534236481}","{'sum': 0.006706877420040341, 'avg': 0.0, 'std': 0.0, 'var': 0.0}","{'sum': 116, 'avg': 38.67, 'std': 38.0, 'var': 1444.33}","{'sum': 19, 'avg': 6.33, 'std': 3.51, 'var': 12.33}"
Ceylon,1,,cloud,0,"{'sum': 22, 'avg': 0, 'std': 0, 'var': 0}","{'sum': 85, 'avg': 0, 'std': 0, 'var': 0}","{'sum': 2.908782099094883e-06, 'avg': 0, 'std': 0, 'var': 0}","{'sum': 23, 'avg': 0, 'std': 0, 'var': 0}","{'sum': 6, 'avg': 0, 'std': 0, 'var': 0}"
Cap'n Proto,2,Cap'n Proto Shell,linux,0,"{'sum': 13, 'avg': 6.5, 'std': 2.12, 'var': 4.5}","{'sum': 11102, 'avg': 5551, 'std': 4505.68, 'var': 20301192}","{'sum': 0.0033920783169455555, 'avg': 0.0, 'std': 0.0, 'var': 0.0}","{'sum': 18, 'avg': 9, 'std': 2.83, 'var': 8}","{'sum': 19, 'avg': 9.5, 'std': 4.95, 'var': 24.5}"
QML,4,JavaScript QML,android,0,"{'sum': 26, 'avg': 6.5, 'std': 7.05, 'var': 49.67}","{'sum': 1066709, 'avg': 266677.25, 'std': 358427.51, 'var': 128470277244.25}","{'sum': 0.41889353102808646, 'avg': 0.1, 'std': 0.19, 'var': 0.04}","{'sum': 39, 'avg': 9.75, 'std': 6.99, 'var': 48.92}","{'sum': 46, 'avg': 11.5, 'std': 6.35, 'var': 40.33}"
Lex,6,Java Lex,appsec,0,"{'sum': 69, 'avg': 11.5, 'std': 5.13, 'var': 26.3}","{'sum': 153936, 'avg': 25656, 'std': 19166.91, 'var': 367370365.6}","{'sum': 0.007716781777704133, 'avg': 0.0, 'std': 0.0, 'var': 0.0}","{'sum': 106, 'avg': 17.67, 'std': 6.77, 'var': 45.87}","{'sum': 33, 'avg': 5.5, 'std': 3.51, 'var': 12.3}"
ShaderLab,8,C# ShaderLab,artificial-intelligence,0,"{'sum': 87, 'avg': 10.88, 'std': 10.88, 'var': 118.41}","{'sum': 287051, 'avg': 35881.38, 'std': 42350.31, 'var': 1793548556.84}","{'sum': 0.13783515232090102, 'avg': 0.02, 'std': 0.03, 'var': 0.0}","{'sum': 108, 'avg': 13.5, 'std': 11.03, 'var': 121.71}","{'sum': 55, 'avg': 6.88, 'std': 4.55, 'var': 20.7}"
HLSL,4,C# HLSL,unity,0,"{'sum': 61, 'avg': 15.25, 'std': 15.13, 'var': 228.92}","{'sum': 310612, 'avg': 77653, 'std': 147586.82, 'var': 21781868764}","{'sum': 0.28288160449347455, 'avg': 0.07, 'std': 0.14, 'var': 0.02}","{'sum': 67, 'avg': 16.75, 'std': 14.38, 'var': 206.92}","{'sum': 22, 'avg': 5.5, 'std': 2.65, 'var': 7.0}"
WebAssembly,7,Shell WebAssembly,wasm,2,"{'sum': 62, 'avg': 8.86, 'std': 14.87, 'var': 221.14}","{'sum': 17868274, 'avg': 2552610.57, 'std': 3499384.84, 'var': 12245694271293.62}","{'sum': 1.3663568073844492, 'avg': 0.2, 'std': 0.32, 'var': 0.1}","{'sum': 133, 'avg': 19, 'std': 28.06, 'var': 787.33}","{'sum': 39, 'avg': 5.57, 'std': 4.76, 'var': 22.62}"
SuperCollider,4,Scala SuperCollider,cff,0,"{'sum': 31, 'avg': 7.75, 'std': 8.88, 'var': 78.92}","{'sum': 21643737, 'avg': 5410934.25, 'std': 6298213.42, 'var': 39667492313590.91}","{'sum': 0.11628357078625903, 'avg': 0.03, 'std': 0.03, 'var': 0.0}","{'sum': 34, 'avg': 8.5, 'std': 8.35, 'var': 69.67}","{'sum': 24, 'avg': 6, 'std': 2.71, 'var': 7.33}"
MATLAB,23,MATLAB Python,computer-vision,0,"{'sum': 215, 'avg': 9.35, 'std': 6.91, 'var': 47.78}","{'sum': 995482, 'avg': 43281.83, 'std': 90534.4, 'var': 8196477219.88}","{'sum': 0.831506858904521, 'avg': 0.04, 'std': 0.09, 'var': 0.01}","{'sum': 369, 'avg': 16.04, 'std': 18.3, 'var': 335.04}","{'sum': 165, 'avg': 7.17, 'std': 4.09, 'var': 16.7}"
PureBasic,3,PureBasic Python,deep-learning,1,"{'sum': 16, 'avg': 5.33, 'std': 4.04, 'var': 16.33}","{'sum': 2129149, 'avg': 709716.33, 'std': 1228339.83, 'var': 1508818749580.33}","{'sum': 0.5088577337953436, 'avg': 0.17, 'std': 0.28, 'var': 0.08}","{'sum': 24, 'avg': 8, 'std': 2.0, 'var': 4}","{'sum': 23, 'avg': 7.67, 'std': 4.51, 'var': 20.33}"
DIGITAL Command Language,7,DIGITAL Command Language Shell,electron,0,"{'sum': 86, 'avg': 12.29, 'std': 7.65, 'var': 58.57}","{'sum': 1283199, 'avg': 183314.14, 'std': 274135.35, 'var': 75150192307.81}","{'sum': 0.27747264154645396, 'avg': 0.04, 'std': 0.1, 'var': 0.01}","{'sum': 146, 'avg': 20.86, 'std': 10.67, 'var': 113.81}","{'sum': 53, 'avg': 7.57, 'std': 5.88, 'var': 34.62}"
Visual Basic,17,Batchfile Visual Basic,windows,0,"{'sum': 165, 'avg': 9.71, 'std': 9.1, 'var': 82.85}","{'sum': 72401459, 'avg': 4258909.35, 'std': 16919371.6, 'var': 286265135194728.1}","{'sum': 0.4530505680757845, 'avg': 0.03, 'std': 0.09, 'var': 0.01}","{'sum': 323, 'avg': 19, 'std': 19.28, 'var': 371.88}","{'sum': 133, 'avg': 7.82, 'std': 4.0, 'var': 16.03}"
Scilab,3,C Scilab,drivers,0,"{'sum': 36, 'avg': 12, 'std': 7.94, 'var': 63}","{'sum': 7724, 'avg': 2574.67, 'std': 2234.36, 'var': 4992362.33}","{'sum': 0.0008469197531617913, 'avg': 0.0, 'std': 0.0, 'var': 0.0}","{'sum': 43, 'avg': 14.33, 'std': 8.39, 'var': 70.33}","{'sum': 19, 'avg': 6.33, 'std': 3.21, 'var': 10.33}"
RenderScript,4,RenderScript Shell,drivers,0,"{'sum': 39, 'avg': 9.75, 'std': 8.34, 'var': 69.58}","{'sum': 551697, 'avg': 137924.25, 'std': 273662.11, 'var': 74890950586.92}","{'sum': 0.054510836550203855, 'avg': 0.01, 'std': 0.03, 'var': 0.0}","{'sum': 53, 'avg': 13.25, 'std': 8.54, 'var': 72.92}","{'sum': 37, 'avg': 9.25, 'std': 8.06, 'var': 64.92}"
Jasmin,2,Jasmin Scala,cff,0,"{'sum': 4, 'avg': 2, 'std': 0.0, 'var': 0}","{'sum': 503363477, 'avg': 251681738.5, 'std': 8336272.06, 'var': 69493431777180.5}","{'sum': 0.8927065178885941, 'avg': 0.45, 'std': 0.04, 'var': 0.0}","{'sum': 8, 'avg': 4, 'std': 0.0, 'var': 0}","{'sum': 14, 'avg': 7, 'std': 0.0, 'var': 0}"
Objective-J,3,Objective-J Scala,cff,0,"{'sum': 8, 'avg': 2.67, 'std': 0.58, 'var': 0.33}","{'sum': 62023492, 'avg': 20674497.33, 'std': 25708192.96, 'var': 660911185292054.4}","{'sum': 0.11243811114874588, 'avg': 0.04, 'std': 0.04, 'var': 0.0}","{'sum': 11, 'avg': 3.67, 'std': 0.58, 'var': 0.33}","{'sum': 29, 'avg': 9.67, 'std': 4.62, 'var': 21.33}"
Forth,4,C Forth,3d-graphics,0,"{'sum': 81, 'avg': 20.25, 'std': 13.74, 'var': 188.92}","{'sum': 22392, 'avg': 5598, 'std': 4803.32, 'var': 23071867.33}","{'sum': 0.007339646960730402, 'avg': 0.0, 'std': 0.0, 'var': 0.0}","{'sum': 150, 'avg': 37.5, 'std': 33.17, 'var': 1100.33}","{'sum': 17, 'avg': 4.25, 'std': 3.95, 'var': 15.58}"
Solidity,4,Shell Solidity,ethereum,0,"{'sum': 17, 'avg': 4.25, 'std': 4.5, 'var': 20.25}","{'sum': 1368756, 'avg': 342189, 'std': 426618.78, 'var': 182003584872.67}","{'sum': 0.7202836048313301, 'avg': 0.18, 'std': 0.18, 'var': 0.03}","{'sum': 32, 'avg': 8, 'std': 5.29, 'var': 28}","{'sum': 20, 'avg': 5, 'std': 0.82, 'var': 0.67}"
Processing,3,C++ Processing,esp8266,0,"{'sum': 31, 'avg': 10.33, 'std': 12.74, 'var': 162.33}","{'sum': 97184, 'avg': 32394.67, 'std': 30244.58, 'var': 914734860.33}","{'sum': 0.030993713825347328, 'avg': 0.01, 'std': 0.01, 'var': 0.0}","{'sum': 52, 'avg': 17.33, 'std': 20.79, 'var': 432.33}","{'sum': 21, 'avg': 7, 'std': 1.73, 'var': 3}"
LLVM,4,C LLVM,machine-learning,0,"{'sum': 58, 'avg': 14.5, 'std': 5.32, 'var': 28.33}","{'sum': 31239, 'avg': 7809.75, 'std': 6962.57, 'var': 48477353.58}","{'sum': 0.006711434508070834, 'avg': 0.0, 'std': 0.0, 'var': 0.0}","{'sum': 76, 'avg': 19, 'std': 5.83, 'var': 34}","{'sum': 34, 'avg': 8.5, 'std': 5.45, 'var': 29.67}"
RobotFramework,3,Python RobotFramework,deep-learning,0,"{'sum': 33, 'avg': 11, 'std': 12.12, 'var': 147}","{'sum': 320053, 'avg': 106684.33, 'std': 158619.1, 'var': 25160019322.33}","{'sum': 0.06701711108523828, 'avg': 0.02, 'std': 0.04, 'var': 0.0}","{'sum': 46, 'avg': 15.33, 'std': 9.07, 'var': 82.33}","{'sum': 18, 'avg': 6, 'std': 1.73, 'var': 3}"
Clojure,12,Clojure Shell,aws,5,"{'sum': 87, 'avg': 7.25, 'std': 7.76, 'var': 60.2}","{'sum': 7577771, 'avg': 631480.92, 'std': 1473281.42, 'var': 2170558152910.08}","{'sum': 3.402346165353511, 'avg': 0.28, 'std': 0.38, 'var': 0.14}","{'sum': 192, 'avg': 16, 'std': 11.43, 'var': 130.73}","{'sum': 101, 'avg': 8.42, 'std': 5.42, 'var': 29.36}"
Perl 6,5,JavaScript Perl 6,editor,0,"{'sum': 53, 'avg': 10.6, 'std': 6.02, 'var': 36.3}","{'sum': 2440067, 'avg': 488013.4, 'std': 1080137.73, 'var': 1166697517087.3}","{'sum': 0.06140956419001555, 'avg': 0.01, 'std': 0.02, 'var': 0.0}","{'sum': 108, 'avg': 21.6, 'std': 12.46, 'var': 155.3}","{'sum': 40, 'avg': 8, 'std': 5.87, 'var': 34.5}"
Fortran,6,Fortran Go,programming-language,0,"{'sum': 167, 'avg': 27.83, 'std': 21.22, 'var': 450.17}","{'sum': 295570, 'avg': 49261.67, 'std': 112745.84, 'var': 12711623421.87}","{'sum': 0.03130244087940192, 'avg': 0.01, 'std': 0.01, 'var': 0.0}","{'sum': 209, 'avg': 34.83, 'std': 27.28, 'var': 744.17}","{'sum': 29, 'avg': 4.83, 'std': 3.31, 'var': 10.97}"
JSONiq,3,JSONiq JavaScript,angular,0,"{'sum': 33, 'avg': 11, 'std': 4.36, 'var': 19}","{'sum': 3932, 'avg': 1310.67, 'std': 1453.65, 'var': 2113102.33}","{'sum': 0.0011113709416670932, 'avg': 0.0, 'std': 0.0, 'var': 0.0}","{'sum': 35, 'avg': 11.67, 'std': 5.51, 'var': 30.33}","{'sum': 11, 'avg': 3.67, 'std': 1.53, 'var': 2.33}"
Boo,1,Boo JavaScript,angular,0,"{'sum': 11, 'avg': 0, 'std': 0, 'var': 0}","{'sum': 877, 'avg': 0, 'std': 0, 'var': 0}","{'sum': 0.0004872260117578692, 'avg': 0, 'std': 0, 'var': 0}","{'sum': 12, 'avg': 0, 'std': 0, 'var': 0}","{'sum': 18, 'avg': 0, 'std': 0, 'var': 0}"
Pawn,6,C++ Pawn,marshalling,0,"{'sum': 81, 'avg': 13.5, 'std': 6.09, 'var': 37.1}","{'sum': 308556, 'avg': 51426, 'std': 122811.25, 'var': 15082602966}","{'sum': 0.011335992924366309, 'avg': 0.0, 'std': 0.0, 'var': 0.0}","{'sum': 97, 'avg': 16.17, 'std': 4.31, 'var': 18.57}","{'sum': 39, 'avg': 6.5, 'std': 4.85, 'var': 23.5}"
Elm,4,Elm JavaScript,assets,0,"{'sum': 43, 'avg': 10.75, 'std': 13.6, 'var': 184.92}","{'sum': 130957, 'avg': 32739.25, 'std': 63031.92, 'var': 3973022955.58}","{'sum': 0.22255317696861907, 'avg': 0.06, 'std': 0.11, 'var': 0.01}","{'sum': 67, 'avg': 16.75, 'std': 16.26, 'var': 264.25}","{'sum': 25, 'avg': 6.25, 'std': 2.06, 'var': 4.25}"
Augeas,1,Augeas Python,acme,0,"{'sum': 5, 'avg': 0, 'std': 0, 'var': 0}","{'sum': 7527, 'avg': 0, 'std': 0, 'var': 0}","{'sum': 0.002500176875805283, 'avg': 0, 'std': 0, 'var': 0}","{'sum': 8, 'avg': 0, 'std': 0, 'var': 0}","{'sum': 5, 'avg': 0, 'std': 0, 'var': 0}"
Mako,7,Mako Python,data,0,"{'sum': 121, 'avg': 17.29, 'std': 24.29, 'var': 589.9}","{'sum': 4403, 'avg': 629, 'std': 324.52, 'var': 105310.33}","{'sum': 0.003867270864271843, 'avg': 0.0, 'std': 0.0, 'var': 0.0}","{'sum': 136, 'avg': 19.43, 'std': 27.74, 'var': 769.62}","{'sum': 35, 'avg': 5, 'std': 1.29, 'var': 1.67}"
XS,4,,vim,0,"{'sum': 75, 'avg': 18.75, 'std': 9.03, 'var': 81.58}","{'sum': 106552, 'avg': 26638, 'std': 25774.59, 'var': 664329697.33}","{'sum': 0.003945572643832433, 'avg': 0.0, 'std': 0.0, 'var': 0.0}","{'sum': 114, 'avg': 28.5, 'std': 3.32, 'var': 11.0}","{'sum': 16, 'avg': 4, 'std': 2.16, 'var': 4.67}"
Module Management System,3,,vim,0,"{'sum': 57, 'avg': 19, 'std': 12.12, 'var': 147}","{'sum': 89624, 'avg': 29874.67, 'std': 24543.73, 'var': 602394682.33}","{'sum': 0.0035171572202033633, 'avg': 0.0, 'std': 0.0, 'var': 0.0}","{'sum': 89, 'avg': 29.67, 'std': 2.89, 'var': 8.33}","{'sum': 12, 'avg': 4, 'std': 2.65, 'var': 7}"
NewLisp,4,NewLisp Python,vim,0,"{'sum': 54, 'avg': 13.5, 'std': 5.32, 'var': 28.33}","{'sum': 130340, 'avg': 32585, 'std': 22133.91, 'var': 489910056.67}","{'sum': 0.0058231193126548585, 'avg': 0.0, 'std': 0.0, 'var': 0.0}","{'sum': 110, 'avg': 27.5, 'std': 13.08, 'var': 171.0}","{'sum': 10, 'avg': 2.5, 'std': 1.29, 'var': 1.67}"
SystemVerilog,5,Python SystemVerilog,vim,0,"{'sum': 97, 'avg': 19.4, 'std': 7.64, 'var': 58.3}","{'sum': 108990, 'avg': 21798, 'std': 20880.69, 'var': 436003254}","{'sum': 0.004694721879127658, 'avg': 0.0, 'std': 0.0, 'var': 0.0}","{'sum': 192, 'avg': 38.4, 'std': 26.88, 'var': 722.3}","{'sum': 13, 'avg': 2.6, 'std': 1.14, 'var': 1.3}"
Tcl,6,Python Tcl,cross-platform,0,"{'sum': 147, 'avg': 24.5, 'std': 27.76, 'var': 770.7}","{'sum': 928732, 'avg': 154788.67, 'std': 342428.51, 'var': 117257286493.07}","{'sum': 0.016604068558926335, 'avg': 0.0, 'std': 0.0, 'var': 0.0}","{'sum': 183, 'avg': 30.5, 'std': 25.97, 'var': 674.7}","{'sum': 38, 'avg': 6.33, 'std': 3.44, 'var': 11.87}"
1C Enterprise,3,1C Enterprise C#,csharp,0,"{'sum': 12, 'avg': 4, 'std': 1.0, 'var': 1}","{'sum': 579729, 'avg': 193243, 'std': 158830.59, 'var': 25227156027}","{'sum': 0.005509949496692338, 'avg': 0.0, 'std': 0.0, 'var': 0.0}","{'sum': 37, 'avg': 12.33, 'std': 6.51, 'var': 42.33}","{'sum': 21, 'avg': 7, 'std': 3.0, 'var': 9}"
OpenEdge ABL,1,,coreclr,0,"{'sum': 7, 'avg': 0, 'std': 0, 'var': 0}","{'sum': 137969, 'avg': 0, 'std': 0, 'var': 0}","{'sum': 0.0007354219243492203, 'avg': 0, 'std': 0, 'var': 0}","{'sum': 19, 'avg': 0, 'std': 0, 'var': 0}","{'sum': 7, 'avg': 0, 'std': 0, 'var': 0}"
COBOL,3,COBOL Go,docker,0,"{'sum': 65, 'avg': 21.67, 'std': 21.94, 'var': 481.33}","{'sum': 3664, 'avg': 1221.33, 'std': 206.69, 'var': 42721.33}","{'sum': 0.008905299816169358, 'avg': 0.0, 'std': 0.0, 'var': 0.0}","{'sum': 112, 'avg': 37.33, 'std': 38.68, 'var': 1496.33}","{'sum': 31, 'avg': 10.33, 'std': 6.35, 'var': 40.33}"
Brainfuck,3,Brainfuck JavaScript,a-frame,0,"{'sum': 71, 'avg': 23.67, 'std': 21.13, 'var': 446.33}","{'sum': 20159, 'avg': 6719.67, 'std': 5507.99, 'var': 30337910.33}","{'sum': 0.005573515786704167, 'avg': 0.0, 'std': 0.0, 'var': 0.0}","{'sum': 131, 'avg': 43.67, 'std': 37.07, 'var': 1374.33}","{'sum': 14, 'avg': 4.67, 'std': 2.89, 'var': 8.33}"
Ada,3,,algorithm,0,"{'sum': 72, 'avg': 24, 'std': 3.61, 'var': 13}","{'sum': 43994, 'avg': 14664.67, 'std': 21307.98, 'var': 454030057.33}","{'sum': 0.0010613755042593134, 'avg': 0.0, 'std': 0.0, 'var': 0.0}","{'sum': 105, 'avg': 35, 'std': 12.17, 'var': 148}","{'sum': 15, 'avg': 5, 'std': 3.61, 'var': 13}"
Nim,4,,algorithm,0,"{'sum': 120, 'avg': 30, 'std': 11.92, 'var': 142}","{'sum': 3722, 'avg': 930.5, 'std': 555.68, 'var': 308777.67}","{'sum': 0.0025942827485801474, 'avg': 0.0, 'std': 0.0, 'var': 0.0}","{'sum': 169, 'avg': 42.25, 'std': 27.83, 'var': 774.25}","{'sum': 22, 'avg': 5.5, 'std': 2.38, 'var': 5.67}"
Racket,2,,algorithm,0,"{'sum': 45, 'avg': 22.5, 'std': 21.92, 'var': 480.5}","{'sum': 18688, 'avg': 9344, 'std': 12142.44, 'var': 147438792}","{'sum': 0.011309346848365789, 'avg': 0.01, 'std': 0.01, 'var': 0.0}","{'sum': 123, 'avg': 61.5, 'std': 28.99, 'var': 840.5}","{'sum': 11, 'avg': 5.5, 'std': 3.54, 'var': 12.5}"
PureScript,2,Haskell PureScript,algorithm,0,"{'sum': 43, 'avg': 21.5, 'std': 26.16, 'var': 684.5}","{'sum': 314292, 'avg': 157146, 'std': 221306.04, 'var': 48976362338}","{'sum': 0.035096485854955416, 'avg': 0.02, 'std': 0.02, 'var': 0.0}","{'sum': 51, 'avg': 25.5, 'std': 21.92, 'var': 480.5}","{'sum': 10, 'avg': 5, 'std': 4.24, 'var': 18}"
Crystal,3,Crystal HTML,algorithm,1,"{'sum': 44, 'avg': 14.67, 'std': 22.81, 'var': 520.33}","{'sum': 168214, 'avg': 56071.33, 'std': 66699.48, 'var': 4448820534.33}","{'sum': 1.1349129422752293, 'avg': 0.38, 'std': 0.54, 'var': 0.29}","{'sum': 66, 'avg': 22, 'std': 19.52, 'var': 381}","{'sum': 21, 'avg': 7, 'std': 1.0, 'var': 1}"
Logos,4,HTML Logos,cms,0,"{'sum': 21, 'avg': 5.25, 'std': 2.06, 'var': 4.25}","{'sum': 8850, 'avg': 2212.5, 'std': 2024.82, 'var': 4099913.67}","{'sum': 0.018034988760672443, 'avg': 0.0, 'std': 0.01, 'var': 0.0}","{'sum': 32, 'avg': 8, 'std': 4.32, 'var': 18.67}","{'sum': 40, 'avg': 10, 'std': 5.35, 'var': 28.67}"
ANTLR,8,ANTLR Shell,machine-learning,0,"{'sum': 53, 'avg': 6.62, 'std': 5.15, 'var': 26.55}","{'sum': 301101, 'avg': 37637.62, 'std': 62888.31, 'var': 3954938963.98}","{'sum': 0.05650783220519945, 'avg': 0.01, 'std': 0.01, 'var': 0.0}","{'sum': 162, 'avg': 20.25, 'std': 25.72, 'var': 661.64}","{'sum': 55, 'avg': 6.88, 'std': 3.98, 'var': 15.84}"
Slash,3,Python Slash,polyglot,0,"{'sum': 41, 'avg': 13.67, 'std': 7.23, 'var': 52.33}","{'sum': 67161, 'avg': 22387, 'std': 24849.46, 'var': 617495671}","{'sum': 0.0013236109325434182, 'avg': 0.0, 'std': 0.0, 'var': 0.0}","{'sum': 68, 'avg': 22.67, 'std': 17.67, 'var': 312.33}","{'sum': 7, 'avg': 2.33, 'std': 1.53, 'var': 2.33}"
Verilog,2,Python Verilog,course,0,"{'sum': 18, 'avg': 9, 'std': 7.07, 'var': 50}","{'sum': 2584661, 'avg': 1292330.5, 'std': 1793869.8, 'var': 3217968858612.5}","{'sum': 0.09030783837088444, 'avg': 0.05, 'std': 0.06, 'var': 0.0}","{'sum': 41, 'avg': 20.5, 'std': 4.95, 'var': 24.5}","{'sum': 15, 'avg': 7.5, 'std': 4.95, 'var': 24.5}"
Stata,2,,course,0,"{'sum': 73, 'avg': 36.5, 'std': 34.65, 'var': 1200.5}","{'sum': 133362, 'avg': 66681, 'std': 93107.58, 'var': 8669021138}","{'sum': 0.005100784204747612, 'avg': 0.0, 'std': 0.0, 'var': 0.0}","{'sum': 106, 'avg': 53, 'std': 41.01, 'var': 1682}","{'sum': 7, 'avg': 3.5, 'std': 0.71, 'var': 0.5}"
M,1,,course,0,"{'sum': 21, 'avg': 0, 'std': 0, 'var': 0}","{'sum': 9102, 'avg': 0, 'std': 0, 'var': 0}","{'sum': 0.00031407024338684074, 'avg': 0, 'std': 0, 'var': 0}","{'sum': 24, 'avg': 0, 'std': 0, 'var': 0}","{'sum': 4, 'avg': 0, 'std': 0, 'var': 0}"
Stan,1,Python Stan,forecasting,0,"{'sum': 3, 'avg': 0, 'std': 0, 'var': 0}","{'sum': 10685, 'avg': 0, 'std': 0, 'var': 0}","{'sum': 0.0320829442444369, 'avg': 0, 'std': 0, 'var': 0}","{'sum': 5, 'avg': 0, 'std': 0, 'var': 0}","{'sum': 1, 'avg': 0, 'std': 0, 'var': 0}"
Common Lisp,5,Common Lisp Makefile,emacs,1,"{'sum': 49, 'avg': 9.8, 'std': 13.14, 'var': 172.7}","{'sum': 4672007, 'avg': 934401.4, 'std': 1989210.44, 'var': 3956958175398.8}","{'sum': 1.0002973463700235, 'avg': 0.2, 'std': 0.41, 'var': 0.17}","{'sum': 144, 'avg': 28.8, 'std': 33.78, 'var': 1141.2}","{'sum': 22, 'avg': 4.4, 'std': 3.44, 'var': 11.8}"
SaltStack,1,Python SaltStack,ascii-art,0,"{'sum': 3, 'avg': 0, 'std': 0, 'var': 0}","{'sum': 2629, 'avg': 0, 'std': 0, 'var': 0}","{'sum': 0.016243836733685107, 'avg': 0, 'std': 0, 'var': 0}","{'sum': 5, 'avg': 0, 'std': 0, 'var': 0}","{'sum': 7, 'avg': 0, 'std': 0, 'var': 0}"
Logtalk,1,,cloc,0,"{'sum': 4, 'avg': 0, 'std': 0, 'var': 0}","{'sum': 21992, 'avg': 0, 'std': 0, 'var': 0}","{'sum': 0.013762383610798389, 'avg': 0, 'std': 0, 'var': 0}","{'sum': 82, 'avg': 0, 'std': 0, 'var': 0}","{'sum': 3, 'avg': 0, 'std': 0, 'var': 0}"
Idris,1,,cloc,0,"{'sum': 14, 'avg': 0, 'std': 0, 'var': 0}","{'sum': 8130, 'avg': 0, 'std': 0, 'var': 0}","{'sum': 0.005087676371216393, 'avg': 0, 'std': 0, 'var': 0}","{'sum': 82, 'avg': 0, 'std': 0, 'var': 0}","{'sum': 3, 'avg': 0, 'std': 0, 'var': 0}"
Haxe,1,,cloc,0,"{'sum': 17, 'avg': 0, 'std': 0, 'var': 0}","{'sum': 5444, 'avg': 0, 'std': 0, 'var': 0}","{'sum': 0.003406803218315134, 'avg': 0, 'std': 0, 'var': 0}","{'sum': 82, 'avg': 0, 'std': 0, 'var': 0}","{'sum': 3, 'avg': 0, 'std': 0, 'var': 0}"
Xtend,1,,cloc,0,"{'sum': 18, 'avg': 0, 'std': 0, 'var': 0}","{'sum': 5036, 'avg': 0, 'std': 0, 'var': 0}","{'sum': 0.0031514807140769685, 'avg': 0, 'std': 0, 'var': 0}","{'sum': 82, 'avg': 0, 'std': 0, 'var': 0}","{'sum': 3, 'avg': 0, 'std': 0, 'var': 0}"
Lean,1,,cloc,0,"{'sum': 20, 'avg': 0, 'std': 0, 'var': 0}","{'sum': 4539, 'avg': 0, 'std': 0, 'var': 0}","{'sum': 0.0028404628596495948, 'avg': 0, 'std': 0, 'var': 0}","{'sum': 82, 'avg': 0, 'std': 0, 'var': 0}","{'sum': 3, 'avg': 0, 'std': 0, 'var': 0}"
PigLatin,2,,cloc,0,"{'sum': 41, 'avg': 20.5, 'std': 2.12, 'var': 4.5}","{'sum': 9685, 'avg': 4842.5, 'std': 1424.82, 'var': 2030112.5}","{'sum': 0.002493660851612995, 'avg': 0.0, 'std': 0.0, 'var': 0.0}","{'sum': 105, 'avg': 52.5, 'std': 41.72, 'var': 1740.5}","{'sum': 13, 'avg': 6.5, 'std': 4.95, 'var': 24.5}"
Clean,1,,cloc,0,"{'sum': 27, 'avg': 0, 'std': 0, 'var': 0}","{'sum': 3095, 'avg': 0, 'std': 0, 'var': 0}","{'sum': 0.0019368214475909884, 'avg': 0, 'std': 0, 'var': 0}","{'sum': 82, 'avg': 0, 'std': 0, 'var': 0}","{'sum': 3, 'avg': 0, 'std': 0, 'var': 0}"
LFE,1,,cloc,0,"{'sum': 36, 'avg': 0, 'std': 0, 'var': 0}","{'sum': 2138, 'avg': 0, 'std': 0, 'var': 0}","{'sum': 0.0013379399854441141, 'avg': 0, 'std': 0, 'var': 0}","{'sum': 82, 'avg': 0, 'std': 0, 'var': 0}","{'sum': 3, 'avg': 0, 'std': 0, 'var': 0}"
RAML,1,,cloc,0,"{'sum': 39, 'avg': 0, 'std': 0, 'var': 0}","{'sum': 1967, 'avg': 0, 'std': 0, 'var': 0}","{'sum': 0.0012309298182266476, 'avg': 0, 'std': 0, 'var': 0}","{'sum': 82, 'avg': 0, 'std': 0, 'var': 0}","{'sum': 3, 'avg': 0, 'std': 0, 'var': 0}"
Chapel,1,,cloc,0,"{'sum': 41, 'avg': 0, 'std': 0, 'var': 0}","{'sum': 1891, 'avg': 0, 'std': 0, 'var': 0}","{'sum': 0.0011833697439077736, 'avg': 0, 'std': 0, 'var': 0}","{'sum': 82, 'avg': 0, 'std': 0, 'var': 0}","{'sum': 3, 'avg': 0, 'std': 0, 'var': 0}"
E,1,,cloc,0,"{'sum': 50, 'avg': 0, 'std': 0, 'var': 0}","{'sum': 1346, 'avg': 0, 'std': 0, 'var': 0}","{'sum': 0.0008423139478053216, 'avg': 0, 'std': 0, 'var': 0}","{'sum': 82, 'avg': 0, 'std': 0, 'var': 0}","{'sum': 3, 'avg': 0, 'std': 0, 'var': 0}"
Apex,2,Apex Java,cloc,0,"{'sum': 61, 'avg': 30.5, 'std': 30.41, 'var': 924.5}","{'sum': 28166, 'avg': 14083, 'std': 18086.38, 'var': 327117042}","{'sum': 0.005808849190927854, 'avg': 0.0, 'std': 0.0, 'var': 0.0}","{'sum': 100, 'avg': 50, 'std': 45.25, 'var': 2048}","{'sum': 14, 'avg': 7, 'std': 5.66, 'var': 32}"
Mathematica,3,C++ Mathematica,cloc,0,"{'sum': 82, 'avg': 27.33, 'std': 23.18, 'var': 537.33}","{'sum': 132887, 'avg': 44295.67, 'std': 75350.95, 'var': 5677765320.33}","{'sum': 0.002438260406049408, 'avg': 0.0, 'std': 0.0, 'var': 0.0}","{'sum': 142, 'avg': 47.33, 'std': 32.72, 'var': 1070.33}","{'sum': 10, 'avg': 3.33, 'std': 2.52, 'var': 6.33}"
Agda,1,,cloc,0,"{'sum': 55, 'avg': 0, 'std': 0, 'var': 0}","{'sum': 1223, 'avg': 0, 'std': 0, 'var': 0}","{'sum': 0.0007653417222629334, 'avg': 0, 'std': 0, 'var': 0}","{'sum': 82, 'avg': 0, 'std': 0, 'var': 0}","{'sum': 3, 'avg': 0, 'std': 0, 'var': 0}"
IGOR Pro,1,,cloc,0,"{'sum': 66, 'avg': 0, 'std': 0, 'var': 0}","{'sum': 632, 'avg': 0, 'std': 0, 'var': 0}","{'sum': 0.0003954995653885314, 'avg': 0, 'std': 0, 'var': 0}","{'sum': 82, 'avg': 0, 'std': 0, 'var': 0}","{'sum': 3, 'avg': 0, 'std': 0, 'var': 0}"
Brightscript,1,,cloc,0,"{'sum': 69, 'avg': 0, 'std': 0, 'var': 0}","{'sum': 517, 'avg': 0, 'std': 0, 'var': 0}","{'sum': 0.0003235336634586562, 'avg': 0, 'std': 0, 'var': 0}","{'sum': 82, 'avg': 0, 'std': 0, 'var': 0}","{'sum': 3, 'avg': 0, 'std': 0, 'var': 0}"
SourcePawn,3,Shell SourcePawn,cloc,0,"{'sum': 88, 'avg': 29.33, 'std': 35.57, 'var': 1265.33}","{'sum': 1771, 'avg': 590.33, 'std': 531.69, 'var': 282690.33}","{'sum': 0.006353654719122183, 'avg': 0.0, 'std': 0.0, 'var': 0.0}","{'sum': 100, 'avg': 33.33, 'std': 42.44, 'var': 1801.33}","{'sum': 28, 'avg': 9.33, 'std': 6.51, 'var': 42.33}"
XQuery,1,,cloc,0,"{'sum': 71, 'avg': 0, 'std': 0, 'var': 0}","{'sum': 452, 'avg': 0, 'std': 0, 'var': 0}","{'sum': 0.00028285728410698763, 'avg': 0, 'std': 0, 'var': 0}","{'sum': 82, 'avg': 0, 'std': 0, 'var': 0}","{'sum': 3, 'avg': 0, 'std': 0, 'var': 0}"
xBase,1,,cloc,0,"{'sum': 77, 'avg': 0, 'std': 0, 'var': 0}","{'sum': 167, 'avg': 0, 'std': 0, 'var': 0}","{'sum': 0.00010450700541121003, 'avg': 0, 'std': 0, 'var': 0}","{'sum': 82, 'avg': 0, 'std': 0, 'var': 0}","{'sum': 3, 'avg': 0, 'std': 0, 'var': 0}"
ColdFusion,1,,cloc,0,"{'sum': 78, 'avg': 0, 'std': 0, 'var': 0}","{'sum': 164, 'avg': 0, 'std': 0, 'var': 0}","{'sum': 0.00010262963405651764, 'avg': 0, 'std': 0, 'var': 0}","{'sum': 82, 'avg': 0, 'std': 0, 'var': 0}","{'sum': 3, 'avg': 0, 'std': 0, 'var': 0}"
Isabelle,1,,cloc,0,"{'sum': 81, 'avg': 0, 'std': 0, 'var': 0}","{'sum': 67, 'avg': 0, 'std': 0, 'var': 0}","{'sum': 4.192796025479684e-05, 'avg': 0, 'std': 0, 'var': 0}","{'sum': 82, 'avg': 0, 'std': 0, 'var': 0}","{'sum': 3, 'avg': 0, 'std': 0, 'var': 0}"
Io,1,Go Io,bastion,0,"{'sum': 11, 'avg': 0, 'std': 0, 'var': 0}","{'sum': 1675, 'avg': 0, 'std': 0, 'var': 0}","{'sum': 0.00038715111328480734, 'avg': 0, 'std': 0, 'var': 0}","{'sum': 12, 'avg': 0, 'std': 0, 'var': 0}","{'sum': 5, 'avg': 0, 'std': 0, 'var': 0}"
Terra,1,C Terra,benchmark,0,"{'sum': 8, 'avg': 0, 'std': 0, 'var': 0}","{'sum': 4791, 'avg': 0, 'std': 0, 'var': 0}","{'sum': 0.005499727940821963, 'avg': 0, 'std': 0, 'var': 0}","{'sum': 8, 'avg': 0, 'std': 0, 'var': 0}","{'sum': 11, 'avg': 0, 'std': 0, 'var': 0}"
POV-Ray SDL,2,POV-Ray SDL Python,enclose-io,0,"{'sum': 16, 'avg': 8, 'std': 7.07, 'var': 50}","{'sum': 158482, 'avg': 79241, 'std': 12727.92, 'var': 162000000}","{'sum': 0.16422323873119948, 'avg': 0.08, 'std': 0.12, 'var': 0.01}","{'sum': 39, 'avg': 19.5, 'std': 19.09, 'var': 364.5}","{'sum': 22, 'avg': 11, 'std': 5.66, 'var': 32}"
Scheme,5,Makefile Scheme,nodejs,0,"{'sum': 89, 'avg': 17.8, 'std': 16.12, 'var': 259.7}","{'sum': 91743, 'avg': 18348.6, 'std': 16787.13, 'var': 281807647.3}","{'sum': 0.08483111452717855, 'avg': 0.02, 'std': 0.02, 'var': 0.0}","{'sum': 120, 'avg': 24, 'std': 15.39, 'var': 237}","{'sum': 32, 'avg': 6.4, 'std': 3.91, 'var': 15.3}"
eC,2,,nodejs,0,"{'sum': 51, 'avg': 25.5, 'std': 2.12, 'var': 4.5}","{'sum': 8767, 'avg': 4383.5, 'std': 0.71, 'var': 0.5}","{'sum': 5.132684271780932e-05, 'avg': 0.0, 'std': 0.0, 'var': 0.0}","{'sum': 58, 'avg': 29, 'std': 5.66, 'var': 32}","{'sum': 11, 'avg': 5.5, 'std': 2.12, 'var': 4.5}"
Protocol Buffer,1,,enclose-io,0,"{'sum': 31, 'avg': 0, 'std': 0, 'var': 0}","{'sum': 2764, 'avg': 0, 'std': 0, 'var': 0}","{'sum': 2.4828140134981364e-05, 'avg': 0, 'std': 0, 'var': 0}","{'sum': 33, 'avg': 0, 'std': 0, 'var': 0}","{'sum': 7, 'avg': 0, 'std': 0, 'var': 0}"
SAS,1,,enclose-io,0,"{'sum': 32, 'avg': 0, 'std': 0, 'var': 0}","{'sum': 1847, 'avg': 0, 'std': 0, 'var': 0}","{'sum': 1.6591018389765043e-05, 'avg': 0, 'std': 0, 'var': 0}","{'sum': 33, 'avg': 0, 'std': 0, 'var': 0}","{'sum': 7, 'avg': 0, 'std': 0, 'var': 0}"
q,1,Python q,hydrogen,0,"{'sum': 11, 'avg': 0, 'std': 0, 'var': 0}","{'sum': 1237, 'avg': 0, 'std': 0, 'var': 0}","{'sum': 0.001198904799980616, 'avg': 0, 'std': 0, 'var': 0}","{'sum': 16, 'avg': 0, 'std': 0, 'var': 0}","{'sum': 10, 'avg': 0, 'std': 0, 'var': 0}"
Liquid,3,JavaScript Liquid,blog-engine,0,"{'sum': 11, 'avg': 3.67, 'std': 1.15, 'var': 1.33}","{'sum': 142550, 'avg': 47516.67, 'std': 54978.33, 'var': 3022616850.33}","{'sum': 0.024834420524573592, 'avg': 0.01, 'std': 0.01, 'var': 0.0}","{'sum': 21, 'avg': 7, 'std': 3.46, 'var': 12}","{'sum': 25, 'avg': 8.33, 'std': 3.06, 'var': 9.33}"
AutoHotkey,1,AutoHotkey Shell,mintty,0,"{'sum': 2, 'avg': 0, 'std': 0, 'var': 0}","{'sum': 6761, 'avg': 0, 'std': 0, 'var': 0}","{'sum': 0.3146260877658337, 'avg': 0, 'std': 0, 'var': 0}","{'sum': 4, 'avg': 0, 'std': 0, 'var': 0}","{'sum': 4, 'avg': 0, 'std': 0, 'var': 0}"
Smali,2,Java Smali,android,0,"{'sum': 4, 'avg': 2, 'std': 0.0, 'var': 0}","{'sum': 2802598, 'avg': 1401299, 'std': 366216.26, 'var': 134114348232}","{'sum': 0.48043668660461286, 'avg': 0.24, 'std': 0.02, 'var': 0.0}","{'sum': 14, 'avg': 7, 'std': 2.83, 'var': 8}","{'sum': 23, 'avg': 11.5, 'std': 7.78, 'var': 60.5}"
Nearley,1,JavaScript Nearley,compiler,0,"{'sum': 2, 'avg': 0, 'std': 0, 'var': 0}","{'sum': 18833, 'avg': 0, 'std': 0, 'var': 0}","{'sum': 0.0151589911177472, 'avg': 0, 'std': 0, 'var': 0}","{'sum': 5, 'avg': 0, 'std': 0, 'var': 0}","{'sum': 1, 'avg': 0, 'std': 0, 'var': 0}"
Ballerina,1,Ballerina Scala,apache,0,"{'sum': 11, 'avg': 0, 'std': 0, 'var': 0}","{'sum': 1053, 'avg': 0, 'std': 0, 'var': 0}","{'sum': 0.00028653380894861686, 'avg': 0, 'std': 0, 'var': 0}","{'sum': 13, 'avg': 0, 'std': 0, 'var': 0}","{'sum': 8, 'avg': 0, 'std': 0, 'var': 0}"
Cycript,1,Cycript Objective-C,cocoapods,0,"{'sum': 3, 'avg': 0, 'std': 0, 'var': 0}","{'sum': 9417, 'avg': 0, 'std': 0, 'var': 0}","{'sum': 0.05644194576970104, 'avg': 0, 'std': 0, 'var': 0}","{'sum': 3, 'avg': 0, 'std': 0, 'var': 0}","{'sum': 7, 'avg': 0, 'std': 0, 'var': 0}"
SRecode Template,1,,emacs,0,"{'sum': 24, 'avg': 0, 'std': 0, 'var': 0}","{'sum': 45217, 'avg': 0, 'std': 0, 'var': 0}","{'sum': 0.0005743926150921879, 'avg': 0, 'std': 0, 'var': 0}","{'sum': 43, 'avg': 0, 'std': 0, 'var': 0}","{'sum': 1, 'avg': 0, 'std': 0, 'var': 0}"
Modula-2,1,,emacs,0,"{'sum': 40, 'avg': 0, 'std': 0, 'var': 0}","{'sum': 890, 'avg': 0, 'std': 0, 'var': 0}","{'sum': 1.130569094438037e-05, 'avg': 0, 'std': 0, 'var': 0}","{'sum': 43, 'avg': 0, 'std': 0, 'var': 0}","{'sum': 1, 'avg': 0, 'std': 0, 'var': 0}"
Zig,1,C++ Zig,compiler,1,"{'sum': 1, 'avg': 0, 'std': 0, 'var': 0}","{'sum': 16552823, 'avg': 0, 'std': 0, 'var': 0}","{'sum': 0.818995992106522, 'avg': 0, 'std': 0, 'var': 0}","{'sum': 6, 'avg': 0, 'std': 0, 'var': 0}","{'sum': 1, 'avg': 0, 'std': 0, 'var': 0}"
D,1,D Shell,dlang,1,"{'sum': 1, 'avg': 0, 'std': 0, 'var': 0}","{'sum': 1313903, 'avg': 0, 'std': 0, 'var': 0}","{'sum': 0.9706852110288028, 'avg': 0, 'std': 0, 'var': 0}","{'sum': 8, 'avg': 0, 'std': 0, 'var': 0}","{'sum': 5, 'avg': 0, 'std': 0, 'var': 0}"
YASnippet,1,Emacs Lisp YASnippet,emacs,0,"{'sum': 2, 'avg': 0, 'std': 0, 'var': 0}","{'sum': 88053, 'avg': 0, 'std': 0, 'var': 0}","{'sum': 0.059160613072538316, 'avg': 0, 'std': 0, 'var': 0}","{'sum': 11, 'avg': 0, 'std': 0, 'var': 0}","{'sum': 5, 'avg': 0, 'std': 0, 'var': 0}"
Turing,1,Shell Turing,zplug,0,"{'sum': 2, 'avg': 0, 'std': 0, 'var': 0}","{'sum': 6105, 'avg': 0, 'std': 0, 'var': 0}","{'sum': 0.031454479880467824, 'avg': 0, 'std': 0, 'var': 0}","{'sum': 6, 'avg': 0, 'std': 0, 'var': 0}","{'sum': 2, 'avg': 0, 'std': 0, 'var': 0}"
